#TheWalkingDead,13
#RT,5
#WeAllChange,4
#GetGlue,4
#lastfm,4
#StoryOfMyLifeVideoWillBreakTheRecordOnVEVO,3
#Revenge,3
#dinahfollowspree,3
#3,2
#de,2
#np,2
#YTMA,2
#dead,2
#sougofollow,2
#gameinsight,2
#TRUKNYC,2
#Mahomies,2
#BangaBangaFollowParty,2
#BadDayOnItunesSundayAtMidnight,2
#TheWalkingDeadin5,2
#BadDay,2
#IfWeDate,2
#9,1
#B,1
#u,1
#23,1
#24,1
#99,1
#AP,1
#BG,1
#DC,1
#Pa,1
#ab,1
#me,1
#2ch,1
#AFP,1
#DW2,1
#GOP,1
#MCM,1
#Leo,1
#Otc,1
#Red,1
#TNA,1
#dia,1
#sas,1
#sub,1
#twd,1
#win,1
#wallpapers,1
#android,1
#SouthKorea,1
#preach,1
#AmazingRace,1
#8230,1
#BATB,1
#Coje,1
#EDLP,1
#HTTR,1
#Hulu,1
#LGBT,1
#QQSM,1
#RHOA,1
#RMHS,1
#Rays,1
#TASI,1
#UKno,1
#anto,1
#clau,1
#fija,1
#fire,1
#flor,1
#kmjs,1
#kyng,1
#like,1
#love,1
#oomf,1
#oops,1
#skin,1
#tcot,1
#this,1
#tlot,1
#rebate,1
#PierdeElControl,1
#surrey,1
#Cuchurrutonta,1
#tranny,1
#MakeItHappen,1
#goodmorning,1
#Dracula,1
#Dresses,1
#atlixco,1
#UdderlySmooth,1
#wuddup,1
#letthatsinkin,1
#realniggasdorealthings,1
#Immortalis,1
#DinahFollowSpree,1
#NoMamesWey,1
#maracaibo,1
#VamosCeleste,1
#iconDecotter,1
#kanamejun,1
#Sarmiento,1
#TheHobbitMovie,1
#WelcomeToMySchoolWhere,1
#HBDMDS19JBU,1
#DomingoDeGanarSeguidores,1
#prepperta,1
#ghjcnbnenrb,1
#makehistory,1
#blowjob,1
#NPSBoycott,1
#melenditeamo,1
#NoMeGusta,1
#LOHANTHONYSVIDEOOFTHEWEEK,1
#WalkingDeadOrDie,1
#marylandwantsbieber,1
#38985,1
#walkingdead,1
#gocoogs,1
#Becca,1
#EsLey,1
#GENTE,1
#GYPSY,1
#KUWTK,1
#BelieveTourRJ,1
#Libra,1
#MMLP2,1
#Los80,1
#NJ2AS,1
#ONAIR,1
#TheWa,1
#Tokyo,1
#cover,1
#doors,1
#fairy,1
#funny,1
#indie,1
#maati,1
#music,1
#myboy,1
#polqc,1
#smile,1
#squad,1
#yegcc,1
#MarloAndJanellaTheNextMarvinJolina,1
#zulia,1
#TheWalk,1
#soundcloud,1
#loveyou,1
#directionerswantmenadead,1
#IndioAlterRockFest,1
#infokpop,1
#OneidaNation,1
#generationgap,1
#Bridesmaid,1
#NoDoyMas,1
#followme,1
#rosavientos,1
#addseguidores,1
#KaCHING,1
#DiamondsAfterDark,1
#DallasStars,1
#chinito,1
#beatchandler,1
#androidgames,1
#Android,1
#WarEagle,1
#madoka_,1
#DisneyChannel,1
#T4FQueremosDemiLovatoEmRecife,1
#WeGotFruit,1
#AndroidGames,1
#cempasuchil,1
#contest,1
#Previously_on_radiomidas,1
#Perfume,1
#AllThatMatters,1
#TeamInsomniaque,1
#pornstar,1
#papajohns,1
#checkseason,1
#creepin,1
#usefacebook,1
#Fuckyou,1
#MARIOBAUTISTA,1
#GoBrowns,1
#PagiPagi,1
#BELIEVETourBRAZIL,1
#fraidycat,1
#sonotfair,1
#undefeated,1
#Misfits,1
#LiesToldOnTwitter,1
#UnFalloParaCristina,1
#parksandrec,1
#boosie,1
#PuttPutt4Purpose,1
#NoShaveNovember,1
#thewalkingdead,1
#restaurant,1
#yuyushiki,1
#akulupa,1
#Exofacts,1
#MeetJustinconCocaColaFM,1
#infinityscarf,1
#canwin,1
#giveaway,1
#fashion,1
#nfr2013,1
#wallpaper,1
#download,1
#1280x800,1
#Giquelmi,1
#scandal,1
#iphone,1
#iphonegames,1
#Saints,1
#KiltIt,1
#BangaBangaFollowP,1
#GenteQueQuieroConocerEnPersona,1
#givinguwhatuneednotwhatuwant,1
#Monthly,1
#creepshot,1
#prepping,1
#survival,1
#leavemealone,1
#SALUTE,1
#3rdward,1
#trannyawards,1
#shemale,1
#TeamBlake,1
#iloveher,1
#WiseWords,1
#fuegodenochenievededia,1
#TheHobbit,1
#28days,1
#sotired,1
#LGICCAwards,1
#SoGood,1
#goingpro,1
#RaiderForLife,1
#DropDeadDiva,1
#commercials,1
#GoodNiteInsta,1
#PODEROSO,1
#centro,1
#muertos,1
#calaca,1
#terciopelo,1
#picoftheday,1
#SKorea,1
#25FatosSobreMim,1
#friend,1
#FinalDelPartido,1
#ElEquipoDelSilencioAtroz,1
#LasInferioresDeLaSeleccion,1
#dukung,1
#RidwanMukti,1
#ThinkAbo,1
#assnat,1
#popandlock,1
#andreanspudh,1
#9months,1
#QuilmesRock,1
#TeMientoSi,1
#Margarita,1
#TheWalkingDe,1
#Grimes,1
#instago,1
#TheKingOfCountry,1
#thanksmothernature,1
#DorinaRoxasForGGV,1
#amigas,1
#DcCouncil,1
#CaseKeenum,1
#HoustonTexans,1
#YoLoQueNecesito,1
#AllDay,1
#damnbitch,1
#hatemondays,1
#NicNik,1
#HadenNation,1
#Sagitario,1
#sagapla,1
#HarryTwerkOnLouis,1
#UDDERLYSMOOTH,1
#GameInsight,1